WMO_index,Station,Latitude,Longitude,Region
89050,Беллинсгаузен,-62.1997222222,-58.8936111111,
89575,Дружная-4,-69.7419444444,73.7058333333,
89657,Ленинградская,-69.5011111111,159.3855555556,
89592,Мирный (89592-0),-66.5519444444,93.0147222222,
89542,Молодёжная,-67.6597222222,45.8513888889,
MIR,Мирный,-66.5500030518,93.0,
89512,Новолазаревская,-70.7677777778,11.8316666667,
NLZ,Новолазаревская-Форстер,-70.7699966431,11.8699998856,
89601,Оазис Бангера,-66.2744444444,100.7461111111,
89574,Прогресс,-69.3780555556,76.3905555556,
89132,Русская,-74.7594444444,-136.7927777778,
89606,Восток,-78.4641666667,106.8658333333,
VST,Восток,-78.2699966431,106.5100021362,
29862,Абакан,53.7666666667,91.3166666667,21
29485,Абан,56.6816666667,96.0575,10
29467,Ачинск,56.2833333333,90.5166666667,10
23383,Агата,66.926111,93.4925,10
24684,Агаякан,63.3333333333,141.7333333333,54
29676,Агинское (29676-0),55.27,94.8997222222,10
30859,Агинское (30859-0),51.1,114.5166666667,11
31825,Агзу,47.6,138.4,82
25042,Айон,69.9186111111,167.9688888889,78
35037,Акъяр,51.8730555556,58.2230555556,83
35127,Ак-Булак,51.0166666667,55.6333333333,81
30957,Акса,50.2666666667,113.2666666667,11
28719,Аксаково,54.0247222222,54.1472222222,83
28248,Алапаевск,57.8666666667,61.7,12
31004,Алдан,58.6166666667,125.3666666667,54
29937,Алейская,52.5166666667,82.7666666667,1
32061,Александровск-Сахалинский,50.9,142.1666666667,53
29059,Александровский Шлюз,59.4347222222,89.2861111111,10
30971,Александровский Завод,50.9166666667,117.9333333333,11
23955,Александровское,60.4333333333,77.8666666667,24
25916,Алевина (мыс),58.8333333333,151.35,
23939,Алтай,60.3333333333,68.9666666667,6
29894,Алыгдзер,53.6333333333,98.2166666667,14
30682,Амазар,53.8666666667,120.8666666667,11
23022,Амдерма,69.7833333333,61.6577777778,
24962,Амга,60.9,131.9833333333,54
21608,Анабар,73.2166666667,113.5,
25563,Анадырь,64.7833333333,177.5666666667,
29674,Анастасино,55.1219444444,93.3838888889,10
25017,Андрюшкино,69.1666666667,154.5,54
30715,Ангарск,52.4833333333,103.85,14
23058,Антипаюта,69.1038888889,76.8580555556,69
31981,Анучино,43.9666666667,133.0666666667,82
25956,Апука,60.4333333333,169.6666666667,74
31594,Архара,49.4166666667,130.0833333333,38
24988,Арка,60.0833333333,142.3333333333,77
29772,Артемовск,54.3475,93.435,10
28346,Артемовский,57.3666666667,61.9166666667,12
28522,Аскино,56.1102777778,56.5736111111,83
31921,Астраханка,44.7166666667,132.0666666667,82
28908,Авангард Зерносовхоз,52.6166666667,51.2833333333,20
31168,Аян,56.45,138.15,77
30822,Бабускин,51.7083333333,105.8519444444,31
29827,Баево,53.2772222222,80.7783333333,1
30554,Багдарин (30554-0),54.4416666667,113.5805555556,31
30554,Багдарин (30554-1),54.4666666667,113.5833333333,31
30557,Багдарин (РС),54.4666666667,113.5833333333,31
23776,Бахта,62.4638888889,89.005,10
25335,Баимка,66.5333333333,164.2833333333,78
30627,Баяндай,53.1,105.5333333333,14
23891,Байкит,61.6666666667,96.3666666667,10
28615,Бакалы,55.1830555556,53.79,83
29328,Бакчар,57.0072222222,82.0625,24
30612,Балаганск,54.0,103.0666666667,14
29662,Балахта,55.385,91.6216666667,10
29612,Барабинск,55.3544444444,78.3083333333,49
30636,Баргузин,53.6166666667,109.6333333333,31
29838,Барнаул (29838-0),53.4333333333,83.5166666667,1
29839,Барнаул (29839-0),53.5,83.8333333333,1
24263,Батагай,67.65,134.6833333333,54
24261,Батагай-Алыта,67.8,130.3833333333,54
24656,Батамай,63.5166666667,129.4833333333,54
30457,Баунт,55.2633333333,113.1388888889,31
29962,Бея (29962-0),53.05,90.9166666667,21
24194,Белая Гора,68.55,146.2166666667,54
35125,Беляевка,51.4166666667,56.4166666667,81
31513,Белогорск,50.9166666667,128.4666666667,38
28831,Белоречк,53.9691666667,58.3558333333,83
29745,Белово,54.4555555556,86.3486111111,76
24758,Бердигестях,62.2666666667,127.0666666667,54
23631,Березово,63.9186111111,65.5272222222,6
25677,Беринговская,63.0166666667,179.2833333333,78
24449,Бестяхская Звероферма,65.3,124.166,54
31792,Бичевая,47.7666666667,135.6333333333,77
30934,Бичура,50.6,107.5833333333,31
29939,Бийск Зональная,52.675,84.9255555556,1
31832,Бикин,46.8,134.2666666667,77
25147,Билибино,68.05,166.45,78
31713,Биробиджан,48.7333333333,132.95,72
28621,Бирск,55.4044444444,55.5538888889,83
28138,Бисер,58.5166666667,58.85,15
31510,Благовесчетнск,50.2802777778,127.4783333333,38
30253,Бодайбо,57.8647222222,114.2391666667,14
31958,Богополь,44.25,135.45,82
31439,Богородское,52.3833333333,140.4666666667,77
29553,Боготол,56.2288888889,89.5533333333,10
29282,Богучаны,58.3833333333,97.45,10
30618,Бохан,53.1333333333,103.7666666667,14
25707,Бохапча,62.0969444444,150.6752777778,63
32562,Большерецк,52.8333333333,156.3,74
35001,Большая Глусчича,52.3833333333,50.4666666667,20
29471,Большая Мурта,56.895,93.1644444444,10
28593,Большеречье,56.0944444444,74.61,50
31174,Большой Шантар,54.8333333333,137.5333333333,77
28491,Большие Уки,56.9333333333,72.6666666667,50
29464,Больсой Улуй,56.6561111111,90.5886111111,10
29539,Болотное,55.6666666667,84.4,49
31253,Бомнак,54.7166666667,128.8666666667,38
23884,Бор,61.5805555556,90.0305555556,10
30965,Борзя,50.4,116.5166666667,11
25919,Братьев (мыс),59.1,153.3333333333,63
31521,Братолюбовка,50.7833333333,129.3333333333,38
30309,Брацк,56.2833333333,101.75,14
30307,Брацк Ии,56.3705555556,101.6983333333,14
35041,Бреды,52.4333333333,60.35,33
25927,Брохово,59.65,154.2666666667,
28711,Бугульма,54.6319444444,52.8008333333,23
28806,Бугуруслан,53.6166666667,52.45,81
25034,Бухта Амбарчик,69.6166666667,162.3,54
25594,Бухта Провиденя,64.3833333333,-173.2333333333,78
31348,Бурукан,53.05,136.0333333333,77
28455,Бутка,56.7166666667,63.7666666667,12
31011,Буяга,59.6666666667,127.05,54
28909,Бузулук,52.8166666667,52.2166666667,81
21821,Быков (мыс),72.0041666667,129.1180555556,54
BGZ,Баргузин,54.2000007629,109.5,31
BER,Остров Беринга,55.2000007629,165.9799957275,
BSH,Большая Елан,46.9199981689,142.7299957275,53
30138,Чечуйск,58.1,108.6833333333,14
31469,Чегдомын,51.1666666667,132.95,77
31532,Чекунда,50.8666666667,132.25,77
28705,Челно-Версины,54.4166666667,51.1,20
29654,Чентральный Рудник,55.2061111111,87.6416666667,76
28799,Черлак,54.1666666667,74.8,50
28128,Чермоз,58.7666666667,56.2,15
24739,Чаингда,62.2833333333,119.85,54
29602,Чаны,55.3155555556,76.7522222222,49
30372,Чара,56.9,118.2666666667,11
25151,Чаун,68.8833333333,170.7833333333,78
28645,Челябинск-Город,55.15,61.3,33
36058,Чемал,51.3875,86.0213888889,70
25941,Чемурнаут,60.7333333333,163.0166666667,74
23914,Чердынь,60.4,56.5166666667,15
24724,Чернишевский,63.0333333333,112.4833333333,54
31371,Черняево,52.7833333333,126.0,38
28428,Чернуска,56.5,56.1333333333,15
30766,Чернышевск,52.5333333333,117.0,11
25123,Черский,68.75,161.2833333333,
29393,Червянка,57.65,99.5333333333,14
30758,Чита,52.0833333333,113.4833333333,11
21946,Чокурдах,70.6166666667,147.8833333333,54
24538,Чумпурук,64.2333333333,116.9166666667,54
24768,Чурапча,62.0333333333,132.6,54
31123,Чюльбю,57.7666666667,130.9,54
31939,Чугуевка,44.15,133.8666666667,82
30393,Чульман,56.8333333333,124.8666666667,54
28704,Чулпаново,54.4925,50.4127777778,23
29625,Чулым,55.1,80.9666666667,49
30714,Дабады,52.1,102.7,14
31873,Дальнереченск,45.8666666667,133.7333333333,82
24691,Делянкир,63.8333333333,145.6,54
28076,Демьянское,59.6,69.2833333333,35
24076,Депутацкий,69.3333333333,139.6666666667,54
32133,Долинск,47.3333333333,142.8,53
30972,Доно,50.8833333333,118.5833333333,11
24826,Дорожный,61.6166666667,114.6166666667,54
31318,Дугда,53.35,130.0,38
28537,Дуван,55.7158333333,57.8991666667,83
21908,Дзалинда (21908-0),70.1333333333,113.9666666667,54
30695,Дзалинда (30695-0),53.4666666667,123.9,
24143,Дзардзан,68.7333333333,124.0,54
29481,Дзержинское,56.8277777778,95.2319444444,10
30089,Джикимда,59.0166666667,121.7666666667,54
DXO,Остров Диксон,73.5,80.2300033569,
25378,Егвекинот,66.3583333333,-179.1166666667,78
24338,Ейк,66.0333333333,117.4,54
28440,Екатеринбург,56.8333333333,60.6333333333,12
28445,Екатеринбург (Верхнее Дуброво),56.7333333333,61.0666666667,12
31707,Екатерино-Никольское,47.7447222222,130.9702777778,72
31329,Екимчан,53.0833333333,132.9333333333,38
24361,Екюччю,66.7666666667,131.6,54
25700,Эльген (совхоз),62.8,150.6666666667,63
28506,Елабуга (28506-0),55.7588888889,52.0441666667,23
31733,Елабуга (31733-0),48.8166666667,135.8833333333,77
23220,Елецкая,67.05,64.07,8
29572,Емельяново,56.1805555556,92.6055555556,10
25356,Еньмувеем,66.3833333333,173.3333333333,78
29263,Енисейск,58.4527777778,92.2027777778,10
24817,Ербогачен,61.2666666667,108.0166666667,14
29869,Ермаковское,53.27,92.4033333333,10
30683,Ерофей Павловиц,53.9666666667,121.9333333333,38
36307,Ерзин,50.2577777778,95.1708333333,58
25820,Евенск,61.9166666667,159.2166666667,63
28202,Фаленки,58.35,51.5666666667,7
31397,Февральск,52.45,130.8666666667,38
23909,Гайны,60.2833333333,54.35,15
28049,Гари,59.4333333333,62.3333333333,12
29558,Ггп Катек,55.5333333333,89.205,10
28214,Глазов,58.1333333333,52.5833333333,60
20292,Гмо Им.Е.К. Федорова,77.7130555556,104.2919444444,10
30679,Горбича,53.1,119.2166666667,11
31489,Горин,51.2,136.8,77
30731,Горячинск,52.9861111111,108.2911111111,31
31801,Гвасюги,47.6666666667,136.1833333333,77
24525,Хабардино,64.6,112.5166666667,54
31735,Хабаровск (31735-0),48.5283333333,135.1883333333,77
31736,Хабаровск (31736-0),48.5333333333,135.2333333333,77
29816,Хабары,53.6155555556,79.5533333333,1
29892,Хадама,53.95,98.8166666667,14
23656,Халесовая,63.3841666667,78.3236111111,69
30815,Хамар-Дабан,51.5333333333,103.6,14
23933,Ханты-Мансийск,61.0277777778,69.1188888889,6
20891,Хатанга,71.9772222222,102.4663888889,10
25767,Хатырка,62.05,175.2833333333,78
24643,Хатырык-Хомо,63.95,124.8333333333,54
31083,Хейджан,59.9666666667,144.7833333333,77
30844,Хилок,51.3666666667,110.4666666667,11
31924,Хкороль,44.4333333333,132.0666666667,82
32128,Холмск,47.05,142.05,53
30739,Хоринск,52.1666666667,109.785,31
23219,Хоседа-Хард,67.0422222222,59.4130555556,47
36090,Хову-Аксы,51.12806,93.685,58
31484,Хуларин,51.4166666667,135.0833333333,77
XMS,Ханты Мансийск,60.9700012207,69.0699996948,6
HED,Остров Хейса,80.6200027466,58.0999984741,
32411,Ича,55.5833333333,155.5833333333,
29766,Идринское,54.365,92.15,10
24477,Иема,65.3,135.8,54
23274,Игарка,67.4666666667,86.5666666667,10
30686,Игнасино,53.4666666667,122.4,38
30028,Ика,59.2833333333,106.1666666667,14
30507,Икей,54.1833333333,100.0833333333,14
25248,Илирней,67.25,167.9666666667,78
32121,Илыинскиы,47.9833333333,142.2,
31416,Им Полины Осипенко,52.4166666667,136.5,77
20946,Им. Е.К. Федорова,70.4466666667,59.0911111111,47
20667,Им. М.В. Попова,73.3327777778,70.0663888889,69
21721,Им.Ю.А. Хабарова,72.4,126.35,54
30703,Инга (30703-0),52.9666666667,101.9833333333,14
29587,Ирбейское,55.6636111111,95.4975,10
30710,Иркуцк (30710-0),52.2666666667,104.3166666667,14
30791,Иркуцк (30791-0),52.2672222222,104.3844444444,14
28573,Ишим,56.1,69.4333333333,35
28688,Исилькуль,54.9372222222,71.2702777778,50
24951,Исить,60.8166666667,125.3166666667,54
23921,Ивдель,60.6833333333,60.45,12
28411,Ижевск,56.8333333333,53.45,60
23503,Ижма,65.0333333333,53.9666666667,8
20471,Известий Цик,75.9519444444,82.9463888889,10
IFY,Игарка,67.4700012207,86.5699996948,10
IRK,Иркуцк,52.2599983215,104.3499984741,14
31935,Яковлевка,44.4166666667,133.4833333333,82
24959,Якуцк,62.0166666667,129.7166666667,54
28419,Янаул,56.2769444444,54.9680555556,83
23987,Ярчево,60.2533333333,90.2019444444,10
21931,Юбилейная,70.7666666667,136.2166666667,54
32165,Южно-Курильск,44.0166666667,145.8666666667,
32150,Южно-Сахалинск,46.95,142.7166666667,53
30729,Кабанск,52.0541666667,106.6416666667,31
29563,Кача,56.1166666667,92.2,10
30622,Качуг,53.9666666667,105.9,14
30978,Кайластуй,49.8333333333,118.3833333333,11
28696,Калачинск,55.0194444444,74.6061111111,50
30469,Калакан,55.1166666667,116.7666666667,11
29822,Камень-на-Оби,53.8166666667,81.2666666667,1
28449,Каменск-Уралский,56.4333333333,61.8666666667,12
25745,Каменское,62.4672222222,166.2125,74
28451,Камыслов,56.85,62.7166666667,12
25469,Канчалан,65.1833333333,176.7666666667,78
31102,Канку,57.65,125.9666666667,54
29581,Канск,56.2016666667,95.6483333333,10
36073,Кантегир,52.2638888889,90.7916666667,10
29814,Карасук,53.7333333333,78.0222222222,49
29874,Каратузское,53.5902777778,92.8822222222,10
20978,Караул,70.0833333333,83.1666666667,10
29122,Каргасок,59.0652777778,80.8466666667,24
28941,Карталы,53.05,60.6666666667,33
30853,Карымская,51.6333333333,114.3166666667,11
30337,Казачинск,56.3166666667,107.6166666667,14
29374,Казачинское,57.665,93.2505555556,10
29876,Казыр,53.6861111111,94.2041666667,10
23774,Келлог,62.4833333333,86.2777777778,10
29562,Кемчуг,56.1,91.6666666667,10
29642,Кемерово,55.2333333333,86.1166666667,76
29645,Кемеровский,55.25,86.2166666667,76
23699,Кербо,62.7125,101.1161111111,10
21636,Кигилях,73.3358333333,139.8688888889,
24933,Килеер,60.95,119.3,54
30230,Киренск,57.7666666667,108.0666666667,14
31878,Кировский,45.1,133.5,82
28009,Кирс,59.35,52.25,7
24606,Кислокан,63.59,103.95,10
30925,Кяхта,50.3638888889,106.4516666667,31
21921,Кюсюр,70.6833333333,127.4,54
32389,Ключи,56.3166666667,160.8333333333,74
36021,Ключи,52.2625,79.1986111111,1
29626,Коченево,55.0327777778,82.2388888889,49
29724,Кочки,54.3361111111,80.4722222222,49
23748,Когалым,62.1947222222,74.5369444444,6
29231,Колпасево,58.3166666667,82.95,24
24894,Колымская (24894-0),61.85,147.6666666667,63
25121,Колымская (25121-0),68.7333333333,158.7166666667,54
29631,Колывань,55.3222222222,82.7388888889,49
24928,Комака,60.2666666667,111.7333333333,54
29759,Коммунар,54.3333333333,89.2833333333,21
31561,Комсомолск-на-Амуре,50.5333333333,137.0333333333,77
25129,Константиновская,68.15,161.1666666667,78
25503,Коркодон,64.75,153.9666666667,63
23862,Корлики,61.5361111111,82.4230555556,6
36259,Кош-Агач,50.0075,88.6730555556,70
23207,Коткино,67.0283333333,51.1411111111,47
29532,Козевниково,56.2555555556,83.9638888889,24
29649,Крапивино,55.0066666667,86.8116666667,76
29813,Красноозерск,53.9888888889,79.2533333333,49
23465,Красноселькупск,65.7066666667,82.4547222222,69
28434,Красноуфимск,56.65,57.7833333333,12
30935,Красный Чикой,50.3666666667,108.75,11
31845,Красный Яр,46.5333333333,135.3166666667,82
29524,Крещенка,55.8597222222,80.0602777778,49
24763,Крест-Хальджай,62.8166666667,134.4333333333,54
24737,Крестях,62.2666666667,116.15,54
32519,Кроноки,54.6166666667,161.2,74
30675,Ксеньевская,53.55,118.7166666667,11
28116,Кудымкар,59.0166666667,54.65,15
21937,Куйга,70.0333333333,135.6666666667,54
28165,Куминская,58.7166666667,66.0833333333,6
28326,Кунгур,57.4166666667,56.9333333333,15
36325,Кунгур-Тук,50.6030555556,97.52,58
29706,Купино,54.3861111111,77.3097222222,49
31632,Кур,49.9333333333,134.6333333333,77
28661,Курган,55.4566666667,65.4011111111,4
28659,Куртамыш,54.9166666667,64.4333333333,4
23788,Кузьмовка,62.3133333333,92.1152777778,10
29849,Кузедеево,53.3408333333,87.1841666667,76
28238,Кын,57.8333333333,58.65,15
30949,Кыра,49.5666666667,111.9666666667,11
29405,Кыстовка,56.6061111111,76.5633333333,49
36096,Кызыл,51.7166666667,94.5,58
HZR,Хужир,53.2000007629,107.3300018311,14
KOT,Остров Котельный,76.0,137.8699951172,
KRS,Красноярск,56.0,92.8799972534,10
25627,Лабазная,63.3,158.5,63
23867,Ларьяк,61.1,80.25,6
29768,Лебяжье,54.1916666667,91.5833333333,10
31710,Ленинское,47.95,132.6166666667,72
24923,Ленск,60.7166666667,114.8833333333,54
31788,Лермонтовка,47.15,134.3333333333,77
28064,Леуси,59.6333333333,65.7166666667,6
31263,Локсак,54.7333333333,130.45,38
29253,Лосиноборское,58.4555555556,89.4694444444,10
23708,Лунь,62.2333333333,52.4833333333,8
28234,Лысьва,58.1166666667,57.7833333333,15
30814,Листвянка,51.8333,104.8833,14
30074,Мача,59.9333333333,117.6,54
25904,Мадаун,60.6,150.7,63
25913,Магадан,59.55,150.7833333333,63
31295,Магдагачи,53.4666666667,125.8166666667,38
28838,Магнитогорск,53.35,59.0833333333,33
29209,Майск,57.8111111111,77.2166666667,24
28666,Макусино,55.25,67.3,4
31583,Малиновка,49.7833333333,129.9166666667,38
31884,Малиново,45.4166666667,134.2666666667,82
20744,Мале Кармакулы (20744-0),72.3744444444,52.7161111111,27
20744,Мале Кармакулы (20744-1),72.3666666667,52.7,
30157,Мама,58.3166666667,112.8666666667,14
30252,Мамакан,57.8166666667,114.0166666667,14
23032,Маресале,69.7141666667,66.8144444444,69
29551,Мариинск,56.1833333333,87.6833333333,76
25551,Марково,64.6833333333,170.4166666667,78
29736,Маслянино,54.3355555556,84.2083333333,49
31443,Мазаново,51.6333333333,128.8166666667,38
28925,Мелеуз,52.9327777778,55.9194444444,83
28517,Мензелинск,55.7186111111,53.0694444444,23
20087,Мгмс Им. Г.Ф. Ушакова,79.5513888889,90.5722222222,10
29571,Минино,56.0666666667,92.7333333333,10
29866,Минусинск,53.7166666667,91.7,10
24726,Мирнвы,62.5333333333,113.8666666667,54
28741,Мирный (28741-0),54.55,60.3,33
30673,Могоча,53.75,119.7333333333,11
30843,Могзон,51.7333333333,112.0,11
29332,Молчаново,57.5758333333,83.7602777778,24
30802,Монды,51.6833333333,100.9833333333,31
29632,Москово,55.3166666667,83.6,49
29276,Мотыгино,58.1836111111,94.7377777778,10
28409,Мозга,56.4333333333,52.2,60
36278,Мугур-Аксы,50.3816666667,90.4338888889,58
28612,Муслюмово,55.3094444444,53.1844444444,23
24807,Муторай,61.3277777778,100.4763888889,10
23426,Музи,65.4044444444,64.7033333333,69
20094,мыс Баранова,79.28,101.6219444444,10
25062,мыс Биллингса,69.8833333333,175.7666666667,
23114,мыс Константиновский,68.5405555556,55.4966666667,47
32213,мыс Лопатка,50.8666666667,156.6833333333,
20476,мыс Стерлегова,75.4038888889,88.9105555556,
32099,мыс Терпения,48.65,144.7333333333,53
25399,мыс Уелен,66.1627777778,-169.8347222222,78
25282,мыс Ванкарем,67.8333333333,-175.8333333333,78
20353,мыс Зелания,76.95,68.55,
MRK,Марково,64.6800003052,170.4199981689,78
23445,Надым,65.4805555556,72.6894444444,69
30493,Нагорный,55.9666666667,124.8833333333,54
24713,Наканно,62.8833333333,108.4333333333,14
24753,Намцы,62.7333333333,129.6666666667,54
29023,Напас,59.85,81.95,24
23205,Нарьян-Мар,67.625,53.0175,47
29561,Назарово,56.0333333333,90.3166666667,10
29068,Назимово,59.5130555556,90.9283333333,10
28588,Назывоевск,55.5666666667,71.3666666667,50
31152,Нелькан,57.65,136.15,77
29752,Ненастная,54.75,88.8166666667,21
24585,Нера,64.55,143.12,54
30879,Нерчинский Завод,51.3166666667,119.6166666667,11
30768,Нерчинск,52.0,116.5333333333,11
31369,Николаевск-на-Амуре,53.1475,140.6938888889,77
30433,Нижнеангарск,55.7911111111,109.5805555556,31
23741,Нижнесортымск,62.75,71.6666666667,6
29698,Нижнеудинск,54.8833333333,99.0333333333,14
36091,Нижнеусинское,52.2566666667,93.0133333333,10
23471,Нижневартовск,60.9166666667,76.6,6
28240,Нижный Тагил,57.8833333333,60.0666666667,12
23724,Няксимволь,62.4333333333,60.8666666667,6
24639,Нюрба,63.2833333333,118.3333333333,54
32053,Ноглики,51.9166666667,143.1333333333,
23078,Норильск,69.3472222222,88.2638888889,10
23073,Норилск,69.4,88.06,10
31388,Норск,52.35,129.9166666667,38
29367,Новобирилюссы,56.9697222222,90.6830555556,10
29846,Новокузнецк,53.8166666667,86.8833333333,76
30829,Новоселенгинск,51.1016666667,106.6416666667,31
35015,Новосергиевка,52.0833333333,53.6333333333,81
29634,Новосибирск (29634-0),55.0888888889,82.9,49
29634,Новосибирск (29634-1),54.9705555556,82.9530555556,49
29638,Новосибирск (Огоурцово),54.9055555556,82.9569444444,49
23242,Новый Порт,67.6877777778,72.8841666667,69
23358,Новый Уренгой,66.0741666667,76.5005555556,69
29203,Новый Васюган,58.5811111111,76.5105555556,24
23657,Ноябрьск,63.1908333333,75.2797222222,69
28319,Нозовка,57.0833333333,54.75,15
28533,Нтазепетровск,56.05,59.5833333333,33
23345,Ныда,66.6244444444,72.8961111111,69
NGV,Нагаево,59.5800018311,150.7799987793,63
NKA,Николаевск-на-Амуре,53.1500015259,140.6999969482,77
29842,Новокузнецк,53.8952,87.1017,76
31702,Облучье,49.0,131.0833333333,72
28797,Одесское,54.2,72.9666666667,50
32010,Оха,53.5,142.9,53
28321,Оханск,57.7166666667,55.3833333333,15
31088,Охоцк,59.3666666667,143.2,
24871,Охоцкий Перевоз,61.8666666667,135.5,54
24688,Оймякон,63.25,143.15,54
31373,Октябрьский Прииск,53.0,128.65,38
23734,Октябрьское,62.45,66.05,6
23305,Окунев Нос,66.2583333333,52.5625,8
24944,Олекминск (24944-0),60.4,120.4166666667,54
24944,Олекминск (24944-1),60.3666666667,120.4166666667,54
24947,Олекминск (РС),60.3666666667,120.4166666667,54
29974,Оленья Речка,52.8041666667,93.2402777778,10
24125,Оленек (24125-0),68.5,112.4333333333,54
24125,Оленек (24125-1),68.5,112.4333333333,54
30961,Оловянная,50.95,115.5833333333,11
25428,Омолон,65.2333333333,160.5333333333,78
28698,Омск (28698-0),55.0166666667,73.3833333333,50
28698,Омск (28698-1),54.9333333333,73.4,50
28695,Омск (РС),54.9333333333,73.4,50
25715,Омсукчан,62.5166666667,155.8,63
36231,Онгудай,50.7458333333,86.1419444444,70
32077,Онор,50.2333333333,142.5833333333,53
29726,Ордынское,54.3677777778,81.8916666667,49
35121,Оренбург,51.6925,55.0783333333,81
29998,Орлик,52.5016666667,99.8166666667,31
30328,Орлинга,56.05,105.8333333333,14
35138,Орск,51.0666666667,58.6,81
32618,Остров Беринга,55.2,165.9833333333,
20674,Остров Диксон,73.5136111111,80.4063888889,10
21432,Остров Котельный,76.0,137.8666666667,
20069,Остров Визе,79.4908333333,76.9805555556,10
21982,Остров Врангеля,70.9833333333,-178.65,78
25138,Островное,68.1166666667,164.1666666667,78
32594,Озерная,51.4833333333,156.4833333333,
32333,Озерной (мыс),57.65,163.2333333333,
OLN,Оленек,68.5,112.4300003052,54
OMS,Омск,54.9300003052,73.4000015259,50
23443,Пангоды,65.8488888889,74.5080555556,69
29128,Парабель,58.7041666667,81.48,24
31987,Партизанск,43.15,133.0166666667,82
23415,Печора (23415-0),65.1166666667,57.1,8
23418,Печора (23418-0),65.1261111111,57.135,8
35007,Перелюб,51.8666666667,50.3333333333,55
28224,Пермь (28224-0),57.9925,56.3355555556,15
28225,Пермь (28225-1),57.9583333333,56.1972222222,15
29348,Первомайское,57.0666666667,86.2166666667,24
32580,Петропавловск (32580-0),53.06,158.7897222222,74
32540,Петропавловск-Камчацкий (32540-0),53.0833333333,158.5833333333,74
32583,Петропавловск-Камчацкий (32583-0),52.8666666667,158.65,
30838,Петровский Завод,51.3166666667,108.8666666667,11
23324,Петрунь,66.4711111111,60.7544444444,8
25051,Певек,69.7041666667,170.255,78
32069,Пильво,50.05,142.1666666667,
29363,Пировское,57.6291666667,92.2722222222,10
23431,Питляр,65.8413888889,65.9125,69
32027,Погиби,52.2166666667,141.6333333333,
32076,Пограничное,50.4,143.7666666667,
31915,Пограничный,44.4,131.3833333333,82
31587,Поярково,49.6166666667,128.65,38
30688,Покровка,53.35,121.55,11
24856,Покровск,61.4833333333,129.15,54
20046,Поларгмо Им. Е.Т. Кренкеля,80.6263888889,58.0588888889,27
28668,Половинное,54.7666666667,66.0,4
28786,Полтавка (28786-0),54.3561111111,71.7661111111,50
31917,Полтавка (31917-0),44.0333333333,131.3166666667,82
23339,Полуй,66.0352777778,68.6694444444,69
24322,Полярный,66.7333333333,112.4333333333,54
32098,Поронайск,49.2166666667,143.1,53
31969,Посьет,42.65,130.8,82
29735,Посевная,54.3013888889,83.3138888889,49
23174,Потапово,68.6666666667,86.25,10
31989,Преображение,42.9,133.9,82
24918,Преображенка,60.05,108.0833333333,14
30975,Приаргунск,50.3333333333,119.0666666667,11
29313,Пудино,57.5625,79.4305555556,24
PTK,Петропавловск-Камчацкиы,52.9700012207,158.75,74
31962,Приморская,43.6167,132.2333,82
39601,Радар Барабинск,55.35,78.3,49
39441,Радар Ижевск,56.8333333333,53.45,60
39481,Радар Оренбург,51.6833333333,55.0666666667,81
39661,Радар Уфа,54.55,55.8833333333,83
23758,Радужный,62.15,77.3166666667,6
28710,Раевскы,54.0636111111,54.9277777778,83
25044,Раучуа,69.5,166.5833333333,
29923,Ребриха,53.0819444444,82.3383333333,1
36020,Родино,52.4855555556,80.1827777778,1
30650,Романовка,53.2,112.7833333333,31
36034,Рубцовск,51.5755555556,81.1994444444,1
31959,Рудная Пристань,44.3666666667,135.85,
28552,Садринск,56.0666666667,63.65,4
23929,Саим,60.3166666667,64.2166666667,6
23330,Салехард,66.5319444444,66.6744444444,69
23947,Салым,60.0666666667,71.4833333333,6
28900,Самара (ОГМС),53.25,50.2166666667,20
28807,Самара (Смышляевка),53.25,50.45,20
28334,Самары,57.35,58.2166666667,12
24652,Сангары,63.9666666667,127.4666666667,54
21535,Санникова,74.6666666667,138.9,
23527,Саран-Пауль,64.2833333333,60.8833333333,6
28418,Сарапул,56.4666666667,53.7333333333,60
28598,Саргацкое,55.6,73.4833333333,50
28916,Сарлык,52.9333333333,54.75,81
36104,Сарыг-Сеп,51.4788888889,95.5777777778,58
21802,Саскылах,71.9666666667,114.0833333333,54
28456,Сатрово,56.5166666667,64.65,4
24462,Себян-Кюель,65.3,130.0,54
24661,Сеген-Кюель,64.0,130.3,54
25703,Сеймчан,62.9166666667,152.4166666667,63
31534,Сектагли,50.4333333333,131.0166666667,77
30874,Селопугино,51.65,117.5666666667,11
32509,Семячик,54.1166666667,159.9833333333,
28791,Сербакуль,54.6333333333,72.4333333333,50
28044,Серов,59.6,60.5333333333,12
29418,Северное,56.3375,78.3597222222,49
23986,Северо-Енисейск,60.3736111111,93.0172222222,10
32215,Северо-Курильск,50.6833333333,156.1333333333,
20967,Сеяха,70.1697222222,72.5136111111,69
29578,Шалинское,55.7166666667,93.7466666667,10
29771,Щетинкино,54.5383333333,93.4427777778,10
24329,Шелагонцы,66.25,114.2833333333,54
25922,Шелихова,60.7166666667,155.8833333333,63
30862,Шилка,51.8666666667,116.0333333333,11
29566,Шумиха,55.9361111111,92.2769444444,10
31442,Симановск,51.9833333333,127.65,38
29756,Сира,54.5,89.9333333333,21
29498,Ситкино,56.35,98.3666666667,14
30692,Сковородино,54.0,123.9666666667,38
25648,Слаутное,63.2,167.85,74
29915,Славгород (29915-0),52.9666666667,78.65,1
31725,Смидович,48.6166666667,133.8333333333,72
23179,Снежногорск,68.1,87.7666666667,10
32477,Соболево,54.3,155.9166666667,74
31478,Софийский Прииск,52.2666666667,133.9833333333,77
24557,Сого-Хая,64.2833333333,126.45,54
30537,Солнетхная,54.0333333333,108.2666666667,14
30967,Соловьевск,49.9,115.75,11
29580,Солянка,56.1666666667,95.2666666667,10
20871,Сопочная Карга,71.8752777778,82.7055555556,10
35011,Сорочинск,52.4333333333,53.1333333333,81
30745,Сосново-Озерское,52.5383333333,111.5577777778,31
31866,Сосуново,46.5333333333,138.3333333333,82
23625,Сосва,63.65,62.1,6
31770,Совецкая Гавань,49.0,140.3,
31096,Спафарьева (Остров),59.1555555556,149.035,
25206,Среднеколымск,67.45,153.7166666667,54
30471,Средний Калар,55.8666666667,117.3666666667,11
25705,Средникан,62.45,152.3166666667,63
29111,Средны Васюган,59.2166666667,78.2333333333,24
30777,Сретенск,52.2333333333,117.7,11
29149,Степановка,58.6397222222,86.73,24
28825,Стерлитамак,53.6033333333,55.9336111111,83
31392,Стойба,52.8,131.7166666667,38
29274,Стрелка,58.0908333333,93.1616666667,10
24802,Стрелка Чуня,61.7386111111,102.8041666667,10
30726,Сухая,52.5516666667,107.1055555556,31
24136,Сухана,68.6166666667,118.3333333333,54
29477,Сухобузимское,56.4969444444,93.2641666667,10
28655,Сумиха,55.2333333333,63.3166666667,4
24738,Сунтар,62.15,117.65,54
30198,Суон-Тит,58.0666666667,123.7166666667,54
23849,Сургут,61.3438888889,73.4019444444,6
24790,Сусуман,62.7833333333,148.1666666667,63
31538,Сутур,50.0666666667,132.1333333333,77
23376,Светлогорск,66.9405555556,88.3708333333,10
29664,Светлолюбово,55.0888888889,90.8477777778,10
31931,Свиягино,44.8,133.0833333333,82
31445,Свободный,51.45,128.1166666667,38
23802,Сыктывкар (23802-0),61.6766666667,50.7805555556,8
23804,Сыктывкар (23804-0),61.6772222222,50.7847222222,8
23975,Сым,60.3472222222,88.3636111111,10
23847,Сытомино,61.3,71.3,6
SKD,Салехард,67.5,67.5,69
SAI,Сихотэ-Алинский биосферный заповедник (Терней),45.0,136.6000061035,82
SKV,Сковородино,54.0,123.9700012207,38
SRG,Сургут,61.24,73.29,6
29541,Тайга,56.0666666667,85.6166666667,76
25932,Тайгонос,60.6833333333,160.4,
29594,Тайшет,55.95,98.0,14
25808,Талая,61.1333333333,152.3833333333,63
29832,Талменка,53.8166666667,83.5833333333,1
30405,Тангуй,55.3833333333,101.0333333333,14
30824,Танхой,51.5666666667,105.1166666667,31
25561,Танюрер,64.8666666667,174.4166666667,78
28493,Тара,56.9,74.3833333333,50
23552,Тарко-Сале,64.9113888889,77.7708333333,69
29379,Тасеево,57.2,94.55,10
29956,Тастып,52.8,89.9041666667,21
29605,Татарск,55.2244444444,76.0188888889,49
28097,Таурово,59.5833333333,73.2833333333,6
28264,"Тавда, Белыйяр",58.05,65.35,12
23256,Тазовский,67.4666666667,78.7333333333,69
24967,Тегюлтя,60.4666666667,130.0,54
36078,Тели,51.0116666667,90.2116666667,58
23499,Тембенчи,64.9416666667,98.8722222222,10
24771,Теплый Ключ,62.7833333333,136.85,54
31909,Терней,45.0,136.6,82
32222,Теви,59.6,160.7333333333,
28383,Тевриз,57.5166666667,72.4,50
21824,Тикси,71.5833333333,128.9166666667,54
31961,Тимирязевский,43.8833333333,131.9666666667,82
29557,Тисуль,55.7513888889,88.3,76
31754,Тивяку,48.6,137.05,77
29552,Тязин,56.1166666667,88.5166666667,76
29456,Тюхтет,56.5361111111,89.3166666667,10
28586,Тюкалинск,55.8666666667,72.2166666667,50
28275,Тобольск,58.15,68.25,35
29636,Тогучин,55.2247222222,84.385,49
29848,Тогул,53.4616666667,85.9291666667,1
30127,Токма,58.2333333333,105.7333333333,14
31137,Токо,56.2833333333,131.1333333333,54
23662,Толька,63.9944444444,82.0475,69
31005,Томмот,58.9666666667,126.2666666667,54
30439,Томпа,55.1166666667,109.75,31
24671,Томпо,63.95,135.8666666667,54
29430,Томск,56.5,84.9166666667,24
24843,Тонгулах,61.9166666667,124.55,54
36103,Тоора-Хем,52.4702777778,96.1191666667,58
30555,Троичкий Прииск,54.6166666667,113.1333333333,31
23711,Троичко-Печерское,62.7,56.1833333333,8
31655,Троичкое,49.45,136.5666666667,77
28748,Троизк,54.0833333333,61.6166666667,33
28359,Тугулым,57.0666666667,64.6666666667,12
28712,Туимазы,54.5916666667,53.7138888889,83
30504,Тулун,54.6,100.6333333333,14
31683,Тумнин,49.65,140.0833333333,77
30664,Тунгокочен,53.5333333333,115.6166666667,11
30811,Тунка,51.7333333333,102.5333333333,31
24725,Туой-Хая,62.5333333333,111.2333333333,54
30576,Тупик,54.4333333333,119.9,11
24507,Тура (24507-0),64.2694444444,100.2166666667,10
36092,Туран,52.1447222222,93.9158333333,58
31913,Турий Рог,45.2166666667,131.9833333333,
28255,Туринск,58.05,63.6833333333,12
36061,Турочак,52.25,87.1269444444,70
23472,Туруханск,65.7944444444,87.9888888889,10
23589,Тутончаны,64.2077777778,93.7930555556,10
30173,Тяня,59.0,119.8,54
31299,Тыгда,53.1,126.35,38
32071,Тымовское,50.7333333333,142.7166666667,53
30499,Тында,55.1833333333,124.6666666667,38
30526,Тырка,54.4833333333,107.0666666667,14
28367,Тюмень,57.1166666667,65.4333333333,35
21813,Тюмяти,71.9166666667,123.5666666667,54
28158,Таборы,58.5333,64.5,12
TIK,Тикси,71.5861663818,128.9188232422,54
DFE,Томск,56.5,85.1,24
TUR,Тура,64.1699981689,100.0699996948,10
TRH,Туруханск,65.7799987793,87.9000015259,10
30455,Уакит,55.4861111111,113.6194444444,31
29613,Убинское,55.3055555556,79.6291666667,49
31026,Учур,58.7333333333,130.6166666667,54
31285,Удское,54.5,134.4166666667,77
24982,Уега,60.7166666667,142.7833333333,77
28722,Уфа-Диома,54.7105555556,55.815,83
31016,Угино,58.6333333333,128.5,54
32088,Углегорск,49.0666666667,142.0333333333,53
23946,Угут,60.5,74.0166666667,6
23606,Ухта,63.5752777778,53.8058333333,8
29576,Уяр,55.8183333333,94.315,10
31087,Улья,58.8166666667,141.85,
30823,Улан-Уде,51.8333333333,107.6,31
30846,Улеты,51.35,112.4666666667,11
28629,Улу-Теляк,54.9227777778,56.9805555556,83
28302,Уни,57.75,51.5,7
23453,Уренгой,65.9627777778,78.4344444444,69
30781,Урюпино,52.75,120.0333333333,11
31624,Урми,49.4,133.2333333333,77
28307,Урзум,57.1166666667,50.0,7
30712,Усолье-Сибирское,52.7833333333,103.6833333333,14
31919,Уссуриыск,44.1497222222,132.0,82
23992,Усть-Камо,60.7241666667,97.5144444444,10
30323,Усть-Кут,56.8,105.8,14
36083,Усть-Уса,52.0569444444,92.1386111111,10
32287,Усть-Хайрюзово,57.0952777778,156.7377777778,74
36229,Усть-Кокса,50.2722222222,85.62,70
30635,Усть-Баргузин,53.4166666667,109.0166666667,31
24371,Усть-Чаркы,66.8,136.6833333333,54
23405,Усть-Чильма,65.4333333333,52.2666666667,8
28382,Усть-Исим,57.6833333333,71.1833333333,50
31054,Усть-Юдома,59.1833333333,135.15,54
32408,Усть-Камчацк,56.2369444444,162.6919444444,74
30772,Усть-Кара,52.7,118.8,11
23803,Усть-Кулом,61.6833333333,53.6833333333,8
30320,Усть-Кут,56.8566666667,105.73,14
24966,Усть-Майя,60.3833333333,134.45,54
31041,Усть-Миль,59.6333333333,133.0333333333,54
24382,Усть-Мома,66.45,143.2333333333,54
30385,Усть-Нюкжа,56.5833333333,121.5,38
21711,Усть-Оленек,73.0,119.8666666667,54
24898,Усть-Омчуг,61.1166666667,149.6333333333,63
23518,Усть-Сугор,64.2666666667,57.6166666667,8
31474,Усть-Умальта,51.6333333333,133.2666666667,77
23412,Усть-Уса,65.9841666667,56.9058333333,8
32252,Усть-Воямполка,58.5,159.1666666667,74
30713,Устьордынский,52.8166666667,104.7666666667,14
30514,Уст-Уда,54.1666666667,103.0166666667,14
30764,Усугли,52.65,115.1666666667,11
29864,Уыбат,53.7166666667,90.3666666667,21
29653,Узур (29653-0),55.3,89.8166666667,10
30637,Узур (30637-0),53.3166666667,107.7333333333,14
USV,Усть-Вымь (Сыктывкар - I),62.2299995422,50.4000015259,8
21978,Валькаркай,70.0838888889,170.9252777778,78
24908,Ванавара,60.3361111111,102.2944444444,10
23966,Ванзиль-Кынак,60.35,84.0833333333,24
23112,Варандей,68.8038888889,57.9855555556,47
23982,Вельмо,61.0158333333,93.4305555556,10
28216,Вересчагино,58.0833333333,54.6833333333,15
23578,Верещагино,64.2347222222,87.5730555556,10
30229,Верхне-Марково,57.3333333333,107.0666666667,14
25538,Верхнее Пензино,64.2166666667,164.2333333333,74
23678,Верхнеимбацк,63.1555555556,87.9680555556,10
28833,Верхнеуральск,53.8833333333,59.2,33
24644,Верхневилюйск,63.45,120.3166666667,54
28541,Верхний Уфалей,56.0833333333,60.3,33
29789,Верхняя Гутара,54.2166666667,96.9666666667,14
24266,Верхоянск,67.5666666667,133.4,54
28144,Верхотурье,58.8666666667,60.7833333333,12
24668,Верхоянский Перевоз,63.3166666667,132.0166666667,54
31418,Веселая Горка,52.2833333333,135.8,77
23701,Весляна,62.9977777778,50.8958333333,8
28481,Викулово,56.8166666667,70.6166666667,35
24641,Вилюйск,63.7833333333,121.6166666667,54
30054,Витим,59.45,112.5833333333,54
30142,Визирный,58.8833333333,111.25,14
28502,Вяцкие Поляны,56.2333333333,51.0333333333,7
31786,Вяземская,47.55,134.8166666667,77
31960,Владивосток,43.1166666667,131.9166666667,82
31977,Владивосток (Сад Город),43.2666666667,132.05,82
36022,Волчиха,52.0216666667,80.3402777778,1
20982,Волочанка,70.9666666667,94.5,10
23823,Вонеган,61.9552777778,64.9030555556,6
23226,Воркута,67.4916666667,63.9716666667,8
23973,Ворогово,61.0305555556,89.6138888889,10
24679,Восточная,63.2166666667,139.6,54
VTM,Витим,59.4500007629,112.5800018311,54
VLB,Владивосток,43.1199989319,131.8999938965,82
36064,Яйлю,51.7708333333,87.6052777778,70
23812,Якша,61.8333333333,56.8666666667,8
28465,Ялтуровоск,56.6833333333,66.35,35
23463,Янов-Стан,65.9772222222,84.3277777778,10
28366,Ярково,57.4166666667,67.0833333333,35
24219,Ярольин,67.1333333333,108.5333333333,54
24975,Ыныкчан,60.3666666667,137.5,54
31062,Югоренок,59.7666666667,137.6666666667,54
23635,Юильск,63.6666666667,69.6,6
24588,Юрты,64.05,141.8833333333,54
YAK,Якуцк,62.0800018311,129.75,54
SVR,Екатеринбург / Свердловск,56.7999992371,60.6300010681,12
29833,Залесово,53.9397222222,84.79,1
30741,Замакта,52.7666666667,109.9666666667,31
31527,Завитая,50.1166666667,129.4666666667,38
29712,Здвинск,54.7166666667,78.6666666667,49
31300,Зея,53.7413888889,127.2763888889,38
30521,Жигалово,54.8,105.1666666667,14
24343,Жиганск,66.7666666667,123.4,54
35026,Зилаир,52.24028,57.47944,83
30669,Зилово,53.0666666667,117.4833333333,11
30603,Зима,53.9333333333,102.05,14
30765,Зюльзя,52.55,116.2,11
28630,Златоуст,55.1666666667,59.6666666667,33
36038,Змеиногорск,51.155,82.1702777778,1
31829,Золотой,47.3166666667,138.9833333333,82
28756,Звериноголовское,54.4666666667,64.8666666667,4
25400,Зырянка (25400-0),65.7333333333,150.9,54
25400,Зырянка (25400-1),65.7333333333,150.9,54
25403,Зырянка (РС),65.7333333333,150.9,54
ZHI,Жиганск,66.793,123.351,54
ZVG,Звенигород,55.7000007629,36.7999992371,45
22365,Абрамовский Маяк,66.4088888889,43.2675,27
37663,Ахты,41.4666666667,47.75,79
27679,Алатырь,54.8166666667,46.5833333333,34
27428,Александров,56.4,38.75,65
34391,Александров-Гай,50.15,48.55,55
37001,Анапа,44.8833333333,37.2833333333,
34238,Анна,51.4833333333,40.4166666667,68
22213,Апатиты,67.5508333333,33.3622222222,46
22543,Архангельск (22543-0),64.6247222222,40.5113888889,27
22550,Архангельск (22550-0),64.5041666667,40.7277777778,27
37031,Армавир (37031-0),44.9833333333,41.1166666667,40
27593,Арск,56.0913888889,49.8641666667,23
27653,Арзамас,55.3666666667,43.7833333333,25
34964,Арзгир,45.4,44.2,57
34880,Астрахань (34880-0),46.2833333333,47.9833333333,28
34882,Астрахань (34882-1),46.2833333333,47.9833333333,28
34069,Аткарск,51.8666666667,45.0333333333,55
34723,Азов,47.1166666667,39.4166666667,17
AHK,Архангельск,64.5800018311,40.5,27
ASN,Астрахан,45.75,47.9199981689,28
27008,Бабаево,59.4041666667,35.9113888889,66
34152,Балашов,51.55,43.15,55
20107,Баренцбург,78.0555555556,14.2211111111,
34214,Белгород,50.6333333333,36.5833333333,29
27955,Белинский,52.9666666667,43.4,37
26069,Белогорка,59.35,30.1333333333,42
37013,Белореченск,44.75,39.9,40
22939,Белозерск,60.0202777778,37.7591666667,66
26585,Белый,55.8333333333,32.9333333333,59
34958,Благодарный,45.1,43.45,57
34110,Богородицкое-Фенино,51.1666666667,37.35,29
34336,Богучар,49.9333333333,40.5666666667,68
34445,Боковская,49.2166666667,41.8333333333,17
26298,Бологое,57.8833333333,34.0333333333,59
34146,Борисоглебск,51.3666666667,42.0833333333,68
26291,Боровичи,58.4166666667,33.9,48
26898,Брянск,53.25,34.3166666667,30
37061,Буденновск,44.7833333333,44.1333333333,57
22193,Бугрино,68.7802777778,49.3011111111,47
27242,Буй,58.4833333333,41.5333333333,9
37471,Буйнакск,42.8166666667,47.1166666667,79
27581,Чебоксары,56.0833333333,47.3333333333,34
27113,Череповец,59.2808333333,38.0186111111,66
34578,Черный Яр,48.0666666667,46.1166666667,28
34432,Чертково,49.3833333333,40.1666666667,17
26711,Черняховск,54.6369444444,21.7933333333,80
KWZ,Кавказ,43.7000007629,40.2166671753,40
CLZ,Центрально-лесной,56.5999984741,32.7999992371,59
CYM,Чимлянск,47.7299995422,42.25,17
34267,Даниловка,50.3666666667,44.1166666667,13
26381,Демянск,57.65,32.4666666667,48
37470,Дербент,42.0666666667,48.3,79
27799,Димитровград (27799-0),54.2333333333,49.6,64
34858,Дивное,45.9166666667,43.35,57
26268,Дно,57.8166666667,29.95,16
34785,Досанг,46.9166666667,47.9333333333,28
27415,Дубна,56.74,37.25,45
22762,Двинский Березник,62.8283333333,42.7919444444,27
37009,Джубга,44.3333333333,38.7166666667,40
DAK,Данки,54.9000015259,37.7999992371,45
26099,Ефимовская,59.5,34.7,42
27921,Ефремов,53.15,38.1166666667,3
34727,Ейск,46.8,38.2666666667,
34476,Ельтон,49.1333333333,46.85,13
34253,Елань,50.95,43.7333333333,13
27648,Елатьма,54.95,41.7666666667,18
27928,Елец,52.6333333333,38.5166666667,62
34861,Елиста,46.3,44.1833333333,73
22656,Емечк,63.4794444444,41.7958333333,27
22413,Енгозеро,65.7833333333,33.9333333333,26
34186,Ершов,51.3666666667,48.3,55
34356,Фролово,49.8,43.6666666667,13
27507,Гагарин,55.5166666667,35.0333333333,56
27243,Галиц,58.3833333333,42.3666666667,9
26157,Гдов,58.7333333333,27.8333333333,16
37004,Геленджик,44.5666666667,38.0833333333,40
37058,Георгиевск,44.1333333333,43.45,57
34740,Гигант,46.5166666667,41.35,17
37014,Горячий Клюц,44.6333333333,39.1,40
37017,Горныий,44.2833333333,39.2666666667,40
27453,Городец,56.6833333333,43.4333333333,25
34845,Городовиковск,46.0666666667,41.9666666667,73
34202,Готня,50.8,35.7666666667,29
22422,Гридино,65.9,34.7666666667,26
37235,Грозный,43.25,45.7166666667,32
37244,Гудермес,43.35,46.1166666667,32
37463,Гуниб,42.4,46.9666666667,79
27539,Гусь-Хрустальный,55.6,40.65,65
37248,Хасавюрт,43.25,46.5833333333,79
26378,Холм,57.15,31.1833333333,48
22559,Холмогоры,64.2205555556,41.6588888889,27
34083,Хвалынск,52.5,48.0833333333,55
34868,Ики-Бурул,45.8,44.6333333333,73
34461,Иловля,49.3,44.0,13
22292,Индига,67.6891666667,48.6836111111,47
27872,Инза,53.85,46.4166666667,64
27347,Иваново,56.95,40.9666666667,71
37473,Изберг,42.5333333333,47.9166666667,
22798,Яренск,62.1716666667,49.1094444444,27
27485,Йошкар-Ола,56.64,47.7791666667,43
27355,Юрьевец,57.3333333333,43.1166666667,71
JNS,Янискоски,68.9333343506,28.8500003815,46
34247,Калач,50.4166666667,41.05,68
22408,Калевала,65.2166666667,31.15,26
22638,Калгачиха,63.3269444444,36.71,27
26702,Калининград,54.7263888889,20.5583333333,80
26708,Калининград (Низовье),54.69639,20.76583,80
27703,Калуга,54.5533333333,36.3694444444,61
34139,Каменная Степь,51.05,40.7,68
34535,Каменск-Сахтинский,48.3,40.3,17
34363,Камысин,50.0833333333,45.3666666667,13
27981,Канадей,53.15,47.5166666667,64
27587,Канаш,55.5166666667,47.4666666667,34
22217,Кандалакша,67.1691666667,32.3541666667,46
22249,Каневка,67.1280555556,39.6663888889,46
34825,Каневская,46.0666666667,38.9666666667,40
22165,Канин Нос,68.6552777778,43.2875,47
34072,Карабулак,52.3333333333,46.3666666667,55
22845,Каргополь,61.5066666667,38.9347222222,27
22671,Карпогоры,64.0105555556,44.4494444444,27
22334,Кашкаранцы,66.3369444444,36.0169444444,46
27316,Касин,57.3333333333,37.5666666667,59
27627,Касира,54.8333333333,38.15,45
37597,Касумкент,41.6666666667,48.05,79
27595,Казань (27595-0),55.74,49.2044444444,23
27595,Казань (27595-1),55.6075,49.2941666667,23
27594,Казань(Вязове),55.8153,48.5106,23
34344,Казанская,49.8,41.15,17
22522,Кемь,64.95,34.65,
22520,Кемь - Порт,64.9833333333,34.8,
22456,Кепино,65.3825,41.8811111111,27
27346,Кинесма,57.4166666667,42.1833333333,71
26059,Кингисепп,59.3666666667,28.6,42
26080,Кириши,59.45,32.0333333333,42
27198,Киров (27198-0),58.59,49.4097222222,7
27199,Киров (27199-0),58.5666666667,49.5666666667,7
27957,Кирсанов,52.6666666667,42.7166666667,22
37163,Кизляр,43.8333333333,46.7166666667,79
27417,Клин,56.35,36.75,45
37085,Кочубей,44.4,46.55,79
22583,Койнас,64.75,47.65,27
22529,Колезма,64.2333333333,35.8833333333,26
27164,Кологрив,58.8166666667,44.3166666667,9
27625,Коломна,55.1333333333,38.7333333333,45
34975,Комсомольский,45.35,46.0333333333,73
22727,Кондопога,62.1666666667,34.3,26
22749,Конево,62.1333333333,39.3,27
22951,Коноша,60.9852777778,40.2575,27
34644,Константиновск,47.5833333333,41.1,17
27026,Коробово,59.6163888889,39.1669444444,66
22695,Кослан,63.45,48.9166666667,8
27333,Кострома,57.7333333333,40.7833333333,9
27283,Котельниц,58.3,48.35,7
34655,Котельниково,47.6333333333,43.15,13
22887,Котлас,61.2394444444,46.6894444444,27
22312,Ковда,66.6872222222,32.8847222222,46
27479,Козьмодемьянск,56.3333333333,46.5833333333,43
26976,Красная Гора,53.0166666667,31.6,30
37107,Красная Поляна,43.6833333333,40.2,40
22876,Красноборск,61.5491666667,45.9386111111,27
34929,Краснодар,45.0333333333,39.15,40
22235,Красносчелье,67.3505555556,37.0508333333,46
27756,Краснослободск,54.4333333333,43.7666666667,2
27369,Красные Баки,57.1333333333,45.1666666667,25
27215,Красный Холм,58.0333333333,37.1,59
34273,Красный Кут,50.95,46.9666666667,55
26285,Крестцы,58.2666666667,32.5333333333,48
34936,Кропоткин,45.4333333333,40.5666666667,40
34915,Кубанская (Темрюк),45.3166666667,37.3833333333,40
27296,Кумены,58.1,49.9166666667,7
34009,Курск,51.7666666667,36.1666666667,41
34737,Кущевская,46.5333333333,39.6166666667,40
KSL,Кисловодск,43.7299995422,42.6599998474,75
34920,Краснодар,45.0419,39.1525,40
34984,Лагань,45.4,47.35,73
22983,Лальск,60.7,47.6,7
22573,Лесуконское,64.9,45.7666666667,27
34887,Лиман,45.8,47.2166666667,28
27930,Липецк,52.7,39.5166666667,62
34231,Лиски,51.0,39.5,68
34013,Ливны,52.4333333333,37.6,51
26078,Любань,59.35,31.2333333333,42
22913,Лодейное поле,60.7166666667,33.55,42
22127,Ловозеро,68.0038888889,35.0308333333,46
27665,Лукоянов,55.0333333333,44.5,25
37259,Махачкала (37259-1),43.0,47.5,
37472,Махачкала (37472-0),43.0,47.5,
37021,Майкоп,44.6166666667,40.0833333333,19
27208,Максатиха,57.8,35.9,59
27606,Малоярославец,55.0166666667,36.4833333333,61
34662,Мале Дербеты,47.9333333333,44.7,73
34625,Матвеев Курган,47.5666666667,38.8833333333,17
27817,Мценск,53.3833333333,36.5333333333,3
22721,Медвезегорск,62.9166666667,34.4333333333,26
22471,Мезень,65.8725,44.2080555556,27
27935,Мичуринск,52.8833333333,40.4833333333,22
27729,Михайлов,54.2333333333,39.0333333333,18
34438,Миллерово,48.9333333333,40.3833333333,17
37054,Минеральные Воды (37054-0),44.2333333333,43.0666666667,57
37055,Минеральные Воды (37055-1),44.2166666667,43.1,57
22212,Мончегорск,67.9422222222,32.9241666667,46
34545,Морозовск,48.35,41.8666666667,17
27848,Морсанск,53.45,41.8,22
22361,Моржовец,66.7166666667,42.4833333333,27
22481,Мосеево,65.7666666667,46.2,27
27612,Москва (Долгопрудный),55.93,37.5183333333,45
27713,Москва (Долгопрудный) (РС),55.93,37.5183333333,45
27612,Москва ВДНХ,55.8333333333,37.6166666667,44
27509,Мозайск,55.5166666667,36.0,45
37145,Моздок,43.7333333333,44.6666666667,36
22551,Мудьюг,64.8530555556,40.2802777778,27
27097,Мураси,59.3833333333,48.9833333333,7
22113,Мурманск (22113-0),68.9558333333,33.0427777778,46
22113,Мурманск (22113-1),68.9833333333,33.1166666667,46
22008,Мурманск (РС),68.9833333333,33.1166666667,46
27549,Муром,55.6,42.0333333333,65
22282,мыс Микулкин,67.8055555556,46.6516666667,47
MSC,Москва,55.75,37.3666648865,45
ELB,Гора Эльбрус,43.3199996948,42.4700012207,39
MRM,Мурманск,68.9666671753,33.0499992371,46
37212,Нальчик,43.5333333333,43.6333333333,39
27611,Наро-Фоминск,55.3833333333,36.7,45
37218,Назрань,43.15,44.85,5
37036,Невинномысск,44.6333333333,41.9666666667,57
22004,Никель,69.4102777778,30.2088888889,46
27066,Никольск,59.5338888889,45.4611111111,66
26167,Николаевское,58.5666666667,29.8,42
27252,Николо-Полома,58.35,43.3833333333,9
22105,Ниванкыль,68.3530555556,30.7197222222,46
27459,Нижний Новгород,56.2666666667,44.0,25
34555,Нижний-Чир,48.3333333333,43.1166666667,13
22383,Нижняя Пеша,66.7394444444,47.7197222222,47
22854,Няндома,61.6794444444,40.1952777778,27
27393,Нолинск,57.55,49.95,7
22917,Новая Ладога,60.1166666667,32.3166666667,42
26179,Новгород,58.5166666667,31.25,48
27511,Ново-Ерусалим,55.9,36.8166666667,45
34254,Новоанненский,50.5333333333,42.6833333333,13
27894,Новодевичье,53.6,48.8333333333,20
37006,Новороссийск,44.715,37.8430555556,40
34213,Новый Оскол,50.75,37.8666666667,29
27491,Новый Торьял,57.0,48.7333333333,43
22974,Нюксеница,60.4094444444,44.2188888889,66
22996,Обьячево,60.3666666667,49.65,8
34109,Обоянь,51.2,36.3166666667,41
27108,Охоны,58.5666666667,35.6333333333,48
34163,Октябрскы Городок,51.6333333333,45.45,55
24122,Оленек  (РС),68.5,112.4333333333,54
22912,Олонец,60.9833333333,32.9833333333,26
22641,Онега,63.9,38.1166666667,27
27083,Опарино,59.85,48.2833333333,7
26456,Опочка,56.7166666667,28.7166666667,16
27906,Орел,52.9333333333,36.0,51
26389,Остасков,57.1166666667,33.1,59
22133,Остров Харлов,68.8163888889,37.3327777778,46
37089,Остров Тюлений,44.4666666667,47.4833333333,79
22897,Озерки,60.2166666667,29.0,42
34199,Озинки,51.2,49.7333333333,55
OBN,Обнинск,55.0992088318,36.6066093445,61
OKA,Окско-Террасная,54.9000015259,37.7999992371,45
27858,Пачелма,53.3333333333,43.3166666667,37
22619,Паданы,63.2666666667,33.4166666667,26
22106,Падун,68.6083333333,31.8038888889,46
34373,Палласовка,50.05,46.8833333333,13
27823,Павелец,53.7833333333,39.25,18
27523,Павловский Посад,55.7666666667,38.6833333333,45
27962,Пенза,53.1227777778,45.0188888889,37
34063,Петровск,52.2833333333,45.4,55
22820,Петрозаводск,61.8166666667,34.2666666667,26
22563,Пинега,64.7,43.3833333333,27
22349,Пялича,66.1888888889,39.5238888889,46
26784,Починок,54.4166666667,32.4333333333,56
34003,Поныри,52.3166666667,36.3,41
27675,Порецкое,55.1833333333,46.3333333333,34
27223,Пошехонье,58.4833333333,39.1333333333,67
34824,Приморско-Ахтарск,46.0333333333,38.15,
37144,Прохладная,43.75,44.05,39
26258,Псков,57.8166666667,28.3333333333,16
22831,Пудоз,61.8,36.5833333333,26
34098,Пугачев,52.0333333333,48.8333333333,55
26359,Пускинские Горы,57.0166666667,28.9,16
PCH,Печора,65.1999969482,57.1666679382,8
PIN,Пинега,64.6999969482,43.4000015259,27
27972,Радищево,53.05,46.4333333333,37
22525,Разнаволок,64.5666666667,34.9166666667,
22602,Реболы,63.8333333333,30.8166666667,26
34759,Ремонтное,46.5666666667,43.6666666667,17
26882,Рославль,53.9333333333,32.8333333333,56
27329,Ростов,57.2,39.4166666667,67
34730,Ростов-на-Дону (34730-0),47.2666666667,39.8166666667,17
34731,Ростов-на-Дону (34731-1),47.25,39.8166666667,17
34056,Ртищево,52.25,43.7833333333,55
34262,Рудня,50.8333333333,44.5666666667,13
27730,Рязань,54.6333333333,39.7,18
27835,Ряжск,53.7166666667,40.1166666667,18
27225,Рыбинск,58.1,38.6833333333,67
27281,Сабалино,58.3,47.1166666667,7
34635,Сахты,47.7,40.2666666667,17
27373,Сакунья,57.6666666667,46.6333333333,25
27995,Самара (Безенчук),52.9833333333,49.4333333333,20
27480,Санчурск,56.9833333333,47.3166666667,7
27271,Сарья,58.3666666667,45.5333333333,9
27760,Саранск,54.1333333333,45.25,2
34172,Саратов (34170-1),51.5566666667,46.0394444444,55
34171,Саратов (34171-0),51.5658333333,46.0391666667,55
34178,Саратов (Юго-Восток),51.57,46.0,55
27745,Сасово,54.3666666667,41.9333333333,18
22621,Сегеза,63.7666666667,34.2833333333,26
27462,Семенов,56.7333333333,44.5166666667,25
34357,Серафимовиц,49.5666666667,42.7333333333,13
27577,Сергач,55.5333333333,45.5,25
27618,Серпухов,54.9333333333,37.4666666667,45
22546,Северодвинск,64.5552777778,39.7655555556,27
37126,Шаджатмаз,43.7333333333,42.6666666667,75
22869,Шангалы,61.1333333333,43.35,27
22768,Шенкурск,62.1,42.9,27
26072,Шлиссельбург,59.9333333333,31.0,42
22271,Шойна,67.8766666667,44.1741666667,47
27441,Шуя,56.85,41.4,71
27736,Силово,54.3,40.8833333333,18
34924,Славянск-на-Кубани,45.2833333333,38.1166666667,40
26781,Смоленск,54.75,32.0666666667,56
37099,Сочи,43.5833333333,39.7666666667,40
37171,Сочи (Адлер),43.4333333333,39.9,
22429,Соловки,65.0313888889,35.6958333333,27
22802,Сортавала,61.7166666667,30.7166666667,26
22891,Сосново,60.55,30.3166666667,42
26795,Спас-Деменск,54.4166666667,34.0166666667,61
26063,Санкт-Петербург (Воейково) (26063-0),59.9666666667,30.3,52
26063,Санкт-Петербург (Воейково) (26063-1),59.95,30.7,42
26075,Санкт-Петербург (Воейково) (РС),59.95,30.7,42
26275,Старая Русса,58.0166666667,31.3166666667,48
26499,Старица,56.4833333333,34.9166666667,59
34116,Старый Оскол,51.3,37.8833333333,29
34949,Ставрополь,45.1166666667,42.0833333333,57
26264,Струги Красные,58.2666666667,29.1,16
27707,Сухиничи,54.1,35.35,61
22717,Суоярви,62.1,32.3833333333,26
22676,Сура,63.5833333333,45.6333333333,27
27776,Сурское,54.4833333333,46.7,64
34954,Светлоград,45.35,42.85,57
22140,Святой Нос,68.1502777778,39.7525,46
27983,Сызрань,53.1833333333,48.4,20
KSM,Самара,53.25,50.4500007629,20
SDM,Шаджатмаз (Новопятигорск),43.7299995422,42.5999984741,75
SHP,Шепелйово,59.9666671753,29.1166667938,42
SPB,Санкт-Петербург,59.9666671753,30.2999992371,52
34720,Таганрог,47.2,38.9,17
27944,Тамбов (27944-0),52.7333333333,41.4666666667,22
27947,Тамбов (27947-0),52.8,41.3333333333,22
37193,Теберда,43.45,41.7333333333,75
27752,Темников,54.6333333333,43.2333333333,2
22028,Териберка,69.2022222222,35.1069444444,46
27697,Тетюси,54.9480555556,48.7911111111,23
34838,Тихоречк,45.85,40.0833333333,40
26094,Тихвин,59.65,33.55,42
34922,Тимасевская,45.6333333333,38.9333333333,40
27758,Торбеево,54.0833333333,43.25,2
26479,Торопец,56.4833333333,31.6333333333,59
27051,Тотьма,59.9805555556,42.7694444444,66
26997,Трубчевск,52.5833333333,33.7666666667,30
34646,Цимлянск,47.6333333333,42.1166666667,17
22012,Цып-Наволок,69.7213888889,33.0927777778,46
37011,Туапсе (37011-1),44.1,39.0333333333,
37018,Туапсе (37018-0),44.1,39.0666666667,40
27719,Тула,54.2333333333,37.6166666667,3
22648,Турчасово,63.1166666667,39.2333333333,27
27402,Тверь,56.8833333333,35.8666666667,59
TER,Териберка,69.1999969482,35.0999984741,46
27321,Углиц,57.5,38.3,67
27785,Ульяновск (Баратаевка),54.3166666667,48.3333333333,64
27786,Уляновск,54.3166666667,48.3333333333,64
22324,Умба,66.6805555556,34.3497222222,46
22541,Унский Маяк,64.8333333333,38.4,
34240,Урюпинск,50.8,42.0,13
27106,Устюжна,58.85,36.4333333333,66
34871,Утта,46.3666666667,46.0166666667,73
27821,Узловая,54.0,38.1333333333,3
22003,Вайда-Губа,69.9361111111,31.9786111111,46
22805,Валаам,61.3666666667,30.8833333333,26
34321,Валуйки,50.2166666667,38.1,29
22867,Вельск,61.0666666667,42.0666666667,27
26477,Великие Луки,56.35,30.6166666667,16
22981,Великий Устюг,60.7825,46.26,66
26578,Велиж,55.6166666667,31.1833333333,56
22686,Вендинга,63.45,47.9,8
34579,Верхний Баскунчак,48.2166666667,46.7333333333,28
22778,Верхняя Тойма,62.2333333333,45.0166666667,27
22100,Верховье Р Лотты,68.5463888889,28.9272222222,46
27277,Ветлуга,57.85,45.7666666667,25
22889,Вилегодское,61.1208333333,47.9938888889,27
22925,Винничы,60.6333333333,34.7833333333,42
26695,Вязьма,55.1666666667,34.4,56
37228,Владикавказ,43.0333333333,44.6833333333,36
27532,Владимир,56.1166666667,40.35,65
27176,Вохма,58.9333333333,46.7666666667,9
34467,Волгоград (34467-1),48.7833333333,44.3333333333,13
34560,Волгоград (34560-0),48.7833333333,44.3666666667,13
27037,Вологда (27037-0),59.3183333333,39.9255555556,66
27038,Вологда (27038-0),59.3183333333,39.9255555556,66
27502,Волоколамск,56.0166666667,35.9333333333,45
26067,Волосово,59.4333333333,29.5,42
34122,Воронез (34122-0),51.65,39.25,68
34123,Воронез (34123-0),51.7,39.2166666667,68
22829,Воснесенье,61.0166666667,35.4833333333,42
22954,Возега,60.4791666667,40.1880555556,66
22892,Выборг,60.7166666667,28.7333333333,42
27643,Выкса,55.3333333333,42.1166666667,25
26393,Высний Волочек,57.5333333333,34.55,59
22837,Вытегра,61.0169444444,36.4594444444,66
VGG,Волгоград,48.5833320618,45.7166671753,28
VOR,Воронеж,51.9000015259,39.5999984741,68
22101,Янискоски,68.9705555556,28.7811111111,46
27020,Яршево,59.9530555556,38.5916666667,66
34866,Яшкуль,46.1833333333,45.35,73
34772,Юста,47.1333333333,46.3166666667,73
27857,Заметчино,53.4833333333,42.6333333333,37
22305,Зашеек,66.25,31.1166666667,26
34047,Зердевка,51.8333333333,41.4833333333,22
22438,Жижгин,65.2,36.8166666667,27
22446,Зимнегорский Маяк,65.4666666667,39.7333333333,27
34743,Зимовники,47.15,42.4833333333,17
26894,Зуковка,53.5333333333,33.75,30
,"Радар Ардон, МРЛ-5",43.1816666667,44.3388888889,36
39501,Радар Архангельск,64.6166666667,40.5,27
39561,Радар Брянск,53.2166666667,34.1833333333,30
,"Радар Чамлик, МРЛ-5",44.7358333333,40.8636111111,40
,"Радар Черкесск, МРЛ-5",44.2683333333,42.0033333333,75
,Радар ДМРЛ-10,44.4336111111,43.9030555556,57
39541,Радар Казань,55.5833333333,49.2833333333,23
39424,Радар Кострома,57.8,41.0166666667,9
,"Радар Куба-Таба, МРЛ-5",43.8163888889,43.4083333333,39
,"Радар Кызбурун, МРЛ-5",43.6686111111,43.4066666667,39
,"Радар Лабинск, МРЛ-5",44.4833333333,40.9219444444,40
,"Радар МРЛ-5, Псинабо",43.5255555556,43.9033333333,39
39401,Радар Минеральные Воды,44.2166666667,43.05,57
,Радар Москва Крылатское,55.75,37.4,44
39421,Радар Москва-Профсоюзная,55.65,37.5333333333,44
39442,Радар Нижний Новгород,56.35,44.0666666667,25
,"Радар Новокубанскиы, МРЛ-5",45.0166666667,41.1333333333,40
,"Радар Отрадненскиы, МРЛ-5",44.2166666667,41.3833333333,40
39462,Радар Петрозаводск,61.8166666667,34.25,26
,"Радар Попутнескиы, МРЛ-5",44.4833333333,41.4166666667,40
,"Радар Псинабо, МРЛ-5",43.5244444444,43.9025,39
39422,Радар Шереметьево,55.9166666667,37.5166666667,45
39423,Радар Смоленск,54.8333333333,32.0,56
,"Радар Сочи, WRM200",43.5480555556,39.8513888889,40
39403,Радар Ставропол,45.1,42.0666666667,57
,Радар Твер,56.8166666667,34.9833333333,59
39461,Радар Валдаы,57.95,33.2666666667,48
39761,Радар Владивосток,42.35,132.05,
39420,Радар Внуково,55.5833333333,37.25,44
39400,Радар Волгоград,48.7833333333,44.3333333333,13
,"Радар Волгоград, МРЛ-5",48.7927777778,44.3372222222,13
39502,Радар Вологда,59.2666666667,39.9166666667,66
,"Радар Зеленокумск, МРЛ-5",44.4336111111,43.9030555556,57
1900416,1900416,-42.45,48.964,
1900417,1900417,-50.31,17.696,
2501661,2501661_100-2501661,76.999,-6.312,
2601623,2601623_100-2601623,73.158,23.231,
2900236,2900236,37.036,147.84,
2900237,2900237,49.871,176.818,
2LY6FKR,2LY6FKR,72.3,24.4,
2TJG8JX,2TJG8JX,47.3,141.6,
2WYXKTM,2WYXKTM,,,
3HJ39VK,3HJ39VK,-61.3,-3.7,
3VCY7WZ,3VCY7WZ,,,
4901114,4901114,57.087,173.52,
4901115,4901115,58.548,-178.902,
4DNGTZG,4DNGTZG,22.4,-17.0,
4SLGHSJ,4SLGHSJ,73.6,37.8,
5ZQCA7C,5ZQCA7C,68.3,43.9,
6UFJFVL,6UFJFVL,74.7,31.5,
7BSG3WZ,7BSG3WZ,,,
9QQZTED,9QQZTED,,,
BHMXU4J,BHMXU4J,67.5,41.4,
DRJUMEL,DRJUMEL,66.2,40.3,
DZA3WTX,DZA3WTX,48.3,144.3,
FMMXHEQ,FMMXHEQ,18.4,-16.4,
GJXAB7J,GJXAB7J,73.0,31.3,
GUNGEVE,GUNGEVE,22.4,-17.2,
HPYRQCW,HPYRQCW,-14.2,7.9,
JEQJJAW,JEQJJAW,68.2,42.2,
JGMRXSS,JGMRXSS,70.0,34.2,
JUPX2RU,JUPX2RU,70.5,50.3,
KEYQVMV,KEYQVMV,43.0,132.0,
KMBWJ5P,KMBWJ5P,,,
KZX6LVD,KZX6LVD,65.1,3.3,
LPP2QBH,LPP2QBH,71.5,65.2,
LVDUYGE,LVDUYGE,69.1,32.5,46
MRBRW7S,MRBRW7S,,,
MUCWQQX,MUCWQQX,,,
NYTTJSD,NYTTJSD,47.7,141.5,
PJS59WV,PJS59WV,29.5,-11.2,
RPFSSGW,RPFSSGW,69.1,36.4,
SBYSQXN,SBYSQXN,,,
UHR5H6B,UHR5H6B,,,
VHNKV8R,VHNKV8R,,,
WZY7WUA,WZY7WUA,59.2,22.3,
XBNS4NG,XBNS4NG,69.3,32.8,46
XCWNSNS,XCWNSNS,,,
YJAMPHW,YJAMPHW,47.3,141.8,
ZFNN88K,ZFNN88K,70.2,41.4,
ZLBLLFP,ZLBLLFP,25.2,-15.1,
ZNLDSMF,ZNLDSMF,71.7,64.9,
ZNV2STZ,ZNV2STZ,58.0,5.3,
ZUKTZAQ,ZUKTZAQ,59.0,21.5,
